January 9 2010,Asheboro Open,Asheboro,
January 9, 2010,Pawndemonium, Asheville,
January 9, 2010,CMSCA Grade Championship,Charlotte,
January 10, 2010,Raleigh Chess Academy Scholastic,Raleigh,
January 16, 2010,Myers Park Scholastic,Charlotte,
January 16, 2010,Triangle Area Chess Open (TACO),Raleigh,
January 23, 2010,Master Treks,Durham,
January 29-31, 2010,Land Of the Sky,Asheville,
February 6, 2010,Mountain Island Open,Charlotte,
February 6, 2010,WSSCA Scholastic,Winston-Salem,
February 6, 2010,Master Treks,Durham,
February 7, 2010,Raleigh Chess Academy Scholastic,Raleigh,
February 13, 2010,Asheboro Open,Asheboro,
February 20, 2010,CMSCA Team Tournament,Charlotte,
February 20, 2010,Triangle Area Chess Open (TACO),Raleigh,
February 26-28, 2010,N.C. State Scholastic Championships,Greensboro,
February 27, 2010,Reverse Angle,Raleigh,
March 6, 2010,Asheboro Open,Asheboro,
March 13-21, 2010,2010 U.S. Masters Championship,Hendersonville,
March 13-21, 2010,N.C. Sub-Masters,Hendersonville,
March 13-21, 2010,Sub-Sub-Masters RBO,Hendersonville,
March 14, 2010,Raleigh Chess Academy Scholastic,Raleigh,
March 20, 2010,Triangle Area Chess Open (TACO),Raleigh,
March 27, 2010,Master Treks,Durham,
April 3, 2010,Asheboro Open,Asheboro,
April 10, 2010,Master Treks,Durham,
April 18, 2010,Raleigh Chess Academy Scholastic,Raleigh,
April 24, 2010,Triangle Area Chess Open (TACO),Raleigh,
May 1, 2010,Reverse Angle,Charlotte,
May 1, 2010,Master Treks,Durham,
May 8, 2010,WSSCA Scholastic,Winston-Salem,
May 8, 2010,Asheboro Open,Asheboro,
May 9, 2010,Raleigh Chess Academy Scholastic,Raleigh,
May 22, 2010,Triangle Area Chess Open (TACO),Raleigh,
June 5, 2010,Asheboro Open,Asheboro,
June 12, 2010,Master Treks,Durham,
June 26, 2010,Triangle Area Chess Open (TACO),Raleigh,
July 10, 2010,Asheboro Open,Asheboro,
July 24, 2010,Triangle Area Chess Open (TACO),Raleigh,
August 7, 2010,Asheboro Open,Asheboro,
August 21, 2010,Triangle Area Chess Open (TACO),Raleigh,
September 11, 2010,Asheboro Open,Asheboro,
September 18, 2010,Triangle Area Chess Open (TACO),Raleigh,
October 9, 2010,Asheboro Open,Asheboro,
October 23, 2010,Triangle Area Chess Open (TACO),Raleigh,
November 6, 2010,Asheboro Open,Asheboro,
November 20, 2010,Triangle Area Chess Open (TACO),Raleigh,
December 4, 2010,Asheboro Open,Asheboro,
February 19-20, 2011,2011 N.C. State Scholastic Championships,Raleigh,