January 9, 2010,<a href="http://www.asheborochess.com">Asheboro Open</a>,Asheboro,
January 9, 2010,<a href="http://www.main.nc.us/bcsc/flyer_2010_internet.htm">Pawndemonium</a>,Asheville,
January 9, 2010,CMSCA Grade Championship,Charlotte,
January 10, 2010,<a href="http://raleighchessacademy.com/">Raleigh Chess Academy Scholastic</a>,Raleigh
January 16, 2010,<a href="http://docs.google.com/View?id=dc8pc4df_92f4hqqxgk">Myers Park Scholastic</a>,Charlotte
January 16, 2010,<a href="http://raleighchess.freewebpages.org/taco.html">Triangle Area Chess Open (TACO)</a>,Raleigh
January 23, 2010,Master Treks,Durham
January 25, 2010,<a href="http://youngmasterchess.com/">Young Master Chess Winter Tournament</a>,Charlotte
January 29-31, 2010,<a href="http://docs.google.com/View?id=dc8pc4df_100fvjspgmk">Land Of the Sky</a>,Asheville
February 6, 2010,<a href="pdf/FithMountainIsland.pdf">Mountain Island Open</a>,Charlotte
February 6, 2010,<a href="http://www.wschess.org/index.htm">WSSCA Scholastic</a>,Winston-Salem
February 6, 2010,Master Treks,Durham
February 7, 2010,<a href="http://raleighchessacademy.com/">Raleigh Chess Academy Scholastic</a>,Raleigh
February 13, 2010,<a href="http://www.asheborochess.com">Asheboro Open</a>,Asheboro
February 15, 2010,<a href=" http://youngmasterchess.com/"></a>State Championship Training Camp,Charlotte
February 20, 2010,CMSCA Team Tournament,Charlotte
February 20, 2010,<a href="http://raleighchess.freewebpages.org/taco.html">Triangle Area Chess Open (TACO)</a>,Raleigh
February 26-28, 2010,2010 N.C. State Scholastic Championships,Greensboro
February 27, 2010,Reverse Angle,Charlotte
March 6, 2010,<a href="http://www.asheborochess.com">Asheboro Open</a>,Asheboro
March 13-21, 2010,<a href="http://www.uschess.org/tlas/1937.tla">2010 U.S. Masters Championship</a>,Hendersonville
March 13-21, 2010,<a href="http://www.uschess.org/tlas/1938.tlaSub-Sub-Masters">N.C. Sub-Masters</a>,Hendersonville
March 13-21, 2010,<a href="http://www.uschess.org/tlas/1939.tla">Sub-Sub-Masters RBO</a>,Hendersonville
March 14, 2010,<a href="http://raleighchessacademy.com/">Raleigh Chess Academy Scholastic</a>,Raleigh
March 20, 2010,<a href="http://raleighchess.freewebpages.org/taco.html">Triangle Area Chess Open (TACO)</a>,Raleigh
March 27, 2010,Master Treks,Durham,April 3, 2010,<a href="http://www.asheborochess.com">Asheboro Open</a>,Asheboro
April 10, 2010,Master Treks,Durham,
April 18, 2010,<a href="http://raleighchessacademy.com/">Raleigh Chess Academy Scholastic</a>,Raleigh
April 24, 2010,<a href="http://raleighchess.freewebpages.org/taco.html">Triangle Area Chess Open (TACO)</a>,Raleigh
May 1, 2010,<a href="http://youngmasterchess.com/">Elementary Nationals Training Camp</a>,Charlotte
May 1, 2010,Reverse Angle,Charlotte
May 1, 2010,Master Treks,Durham
May 8, 2010,<a href="http://www.wschess.org/index.htm">WSSCA Scholastic</a>,Winston-Salem
May 8, 2010,<a href="http://www.asheborochess.com">Asheboro Open</a>Asheboro
May 9, 2010,<a href=" http://raleighchessacademy.com/">Raleigh Chess Academy Scholastic</a>,Raleigh
May 22, 2010,<a href="http://raleighchess.freewebpages.org/taco.html">Triangle Area Chess Open (TACO)</a>,Raleigh
June 5, 2010,<a href="http://www.asheborochess.com">Asheboro Open</a>,Asheboro
June 12, 2010,Master Treks,Durham
June 26, 2010,<a href="http://raleighchess.freewebpages.org/taco.html">Triangle Area Chess Open (TACO)</a>,Raleigh
July 10, 2010,<a href="http://www.asheborochess.com">Asheboro Open</a>,Asheboro
July 24, 2010,<a href="http://raleighchess.freewebpages.org/taco.html">Triangle Area Chess Open (TACO)</a>,Raleigh
August 7, 2010,<a href="http://www.asheborochess.com">Asheboro Open</a>,Asheboro
August 21, 2010,<a href="http://raleighchess.freewebpages.org/taco.html">Triangle Area Chess Open (TACO)</a>,Raleigh
September 11, 2010,<a href="http://www.asheborochess.com">Asheboro Open</a>,Asheboro
September 18, 2010,<a href="http://raleighchess.freewebpages.org/taco.html">Triangle Area Chess Open (TACO)</a>,Raleigh
October 9, 2010,<a href="http://www.asheborochess.com">Asheboro Open</a>,Asheboro
October 23, 2010,<a href="http://raleighchess.freewebpages.org/taco.html">Triangle Area Chess Open (TACO)</a>,Raleigh
November 6, 2010,<a href="http://www.asheborochess.com">Asheboro Open</a>,Asheboro
November 20, 2010,<a href="http://raleighchess.freewebpages.org/taco.html">Triangle Area Chess Open (TACO)</a>,Raleigh
December 4, 2010,<a href="http://www.asheborochess.com">Asheboro Open</a>,Asheboro
February 19-20, 2011,2011 N.C. State Scholastic Championships,Raleigh
